<application>
  <component name="com.intellij.ide.ui.customization.CustomActionsSchema">
    <group value="StopWithDropDown" is_action="true" action_type="-1" position="3">
      <path value="root" />
      <path value="Main Toolbar Right" />
      <path value="RunToolbarWidgetCustomizableActionGroup" />
      <option name="myInitialPosition" value="-1" />
    </group>
    <group value="RedesignedRunToolbarWrapper" is_action="true" action_type="-1" position="2">
      <path value="root" />
      <path value="Main Toolbar Right" />
      <path value="RunToolbarWidgetCustomizableActionGroup" />
      <option name="myInitialPosition" value="-1" />
    </group>
    <group value="RunWithDropDown" is_action="true" action_type="-1" position="1">
      <path value="root" />
      <path value="Main Toolbar Right" />
      <path value="RunToolbarWidgetCustomizableActionGroup" />
      <option name="myInitialPosition" value="-1" />
    </group>
  </component>
</application>