<application>
  <component name="FindSettings">
    <option name="customScope" value="All Places" />
    <option name="defaultScopeName" value="All Places" />
    <option name="SEARCH_SCOPE" value="All Places" />
    <mask>*.yml</mask>
    <mask>*.blade.php</mask>
    <mask>maciej_*.yaml</mask>
    <mask>dev_maciej_*.yaml</mask>
    <mask>test_maciej_*.yaml</mask>
    <mask>`</mask>
    <mask>*.csv</mask>
    <mask>*.ts</mask>
    <mask>*.css</mask>
    <mask>*.php4</mask>
    <mask>*.php5</mask>
    <mask>*.ctp</mask>
    <mask>*.hphp</mask>
    <mask>*.module</mask>
    <mask>*.inc</mask>
    <mask>*.yaml</mask>
    <mask>*.phtml</mask>
    <mask>*.js</mask>
    <mask>*.html</mask>
    <mask>*.tsx</mask>
    <mask>*.php</mask>
    <mask>*.xml</mask>
  </component>
</application>