<application>
  <component name="GraziConfig">
    <option name="enabledLanguages">
      <set>
        <option value="English (US)" />
        <option value="Polish" />
      </set>
    </option>
    <option name="suppressingContext">
      <SuppressingContext>
        <option name="suppressed">
          <set>
            <option value="żeby lepiej zrozumieć gdzie występują" />
            <option value="zbadałam zakładam hipotetyczną diagnozę." />
            <option value="poświecimy na naukę konkretnego wzorca ruchowego. Czasem może zdarzyć się tak," />
          </set>
        </option>
      </SuppressingContext>
    </option>
    <option name="detectionContext">
      <State>
        <option name="disabled">
          <set>
            <option value="SWEDISH" />
          </set>
        </option>
      </State>
    </option>
  </component>
</application>