<application>
  <component name="NodeJsLocalInterpreterManager">
    <local-interpreter path="/usr/local/bin/node">
      <version-cache last-modified="0" />
    </local-interpreter>
    <local-interpreter path="$USER_HOME$/.nvm/versions/node/v19.7.0/bin/node">
      <version-cache version="19.7.0" last-modified="1676958343000" />
    </local-interpreter>
    <local-interpreter path="/usr/local/Cellar/node/19.6.0/bin/node">
      <version-cache last-modified="0" />
    </local-interpreter>
    <local-interpreter path="$USER_HOME$/.nvm/versions/node/v18.14.0/bin/node">
      <version-cache last-modified="0" />
    </local-interpreter>
    <local-interpreter path="/usr/local/Cellar/node/16.3.0/bin/node">
      <version-cache last-modified="0" />
    </local-interpreter>
    <local-interpreter path="$USER_HOME$/.nvm/versions/node/v11.15.0/bin/node">
      <version-cache last-modified="0" />
    </local-interpreter>
    <local-interpreter path="$USER_HOME$/.nvm/versions/node/v10.24.1/bin/node">
      <version-cache last-modified="0" />
    </local-interpreter>
    <local-interpreter path="$USER_HOME$/.nvm/versions/node/v7.10.1/bin/node">
      <version-cache version="7.10.1" last-modified="1499740951000" />
    </local-interpreter>
    <local-interpreter path="$USER_HOME$/.nvm/versions/node/v4.9.1/bin/node">
      <version-cache last-modified="0" />
    </local-interpreter>
    <local-interpreter path="$USER_HOME$/.nvm/versions/node/v4.2.4/bin/node">
      <version-cache last-modified="0" />
    </local-interpreter>
  </component>
</application>