<application>
  <component name="SshConfigs">
    <configs>
      <sshConfig connectionConfig="{&quot;serverAliveInterval&quot;:300}" host="s44.mydevil.net" id="8a2baf34-0026-402d-8eee-c58666714c60" keyPath="$USER_HOME$/.ssh/id_rsa" port="22" customName="mydevil" nameFormat="CUSTOM" username="maciejbuchert">
        <option name="customName" value="mydevil" />
      </sshConfig>
      <sshConfig authType="PASSWORD" host="localhost" id="cb62da3a-8fb6-46ac-8248-dfe052aa1078" port="22" customName="docker" nameFormat="CUSTOM" username="app" useOpenSSHConfig="false">
        <option name="customName" value="docker" />
      </sshConfig>
    </configs>
  </component>
</application>