<code_scheme name="Default" version="173">
  <PHPCodeStyleSettings>
    <option name="FIELDS_DEFAULT_VISIBILITY" value="protected" />
    <option name="GETTERS_SETTERS_ORDER_STYLE" value="SETTERS_FIRST" />
    <option name="VARIABLE_NAMING_STYLE" value="CAMEL_CASE" />
  </PHPCodeStyleSettings>
  <editorconfig>
    <option name="ENABLED" value="false" />
  </editorconfig>
  <codeStyleSettings language="PHP">
    <option name="ALIGN_MULTILINE_EXTENDS_LIST" value="true" />
  </codeStyleSettings>
</code_scheme>