<?xml version="1.0"?>
#parse("XML File Header.xml")
<config xmlns:xsi="http://www.w3.org/2001/XMLSchema-instance"
        xsi:noNamespaceSchemaLocation="urn:magento:framework:ObjectManager/etc/config.xsd">

    <virtualType name="MyGirdFilterPool" type="Magento\Framework\View\Element\UiComponent\DataProvider\FilterPool">
        <arguments>
            <argument name="appliers" xsi:type="array">
                <item name="regular" xsi:type="object">
                    Magento\Framework\View\Element\UiComponent\DataProvider\RegularFilter
                </item>
                <item name="fulltext" xsi:type="object">
                    Magento\Framework\View\Element\UiComponent\DataProvider\FulltextFilter
                </item>
            </argument>
        </arguments>
    </virtualType>
    <virtualType name="MyGridDataProvider" type="Magento\Framework\View\Element\UiComponent\DataProvider\DataProvider">
        <arguments>
            <argument name="collection" xsi:type="object" shared="false">
                Magento\Cms\Model\ResourceModel\Page\Collection
            </argument>
            <argument name="filterPool" xsi:type="object" shared="false">MyGirdFilterPool</argument>
        </arguments>
    </virtualType>
</config>